id,Sucursal,internal_id,is_local,caja,cuser,out_of_time,Creación de orden,Proceso de orden,Entrega de orden,Orden cancelada,Hora deseada,Usuario,Estatus,Tipo de pago,total,stars,review,coupon,Sub tipo de pago,pc_id,status_id,Id cajero,crname,pay_id,Usuario subsidio/Meal plan,Nómina,ceco,Platillos,Ingredientes,description
70000000,Sushi Go UDEM,1,0,0,Carlos,,12:01:00 24-02-2025,12:07:00 24-02-2025,12:19:00 24-02-2025,,,,Entregada,Tarjeta,281.48,3,,,,1,4,4027,,1,,,,Dragon Roll Estandar 2 $0.00,Anguila $0.00,
70000001,Sushi Go UDEM,2,0,1,Andrea,,20:01:00 16-02-2025,20:11:00 16-02-2025,20:22:00 16-02-2025,,,,Entregada,Tarjeta,206.79,5,,,,4,4,4043,,2,,,,Salmón Roll Estandar 2 $0.00,Salmón fresco $0.00,
70000002,Sushi Go UDEM,3,0,1,Mariana,,14:48:00 24-01-2025,14:55:00 24-01-2025,15:03:00 24-01-2025,,,,Entregada,Tarjeta,115.15,5,,,,4,4,4068,,1,,,,Philadelphia Roll Estandar 4 $0.00,Queso crema $0.00,
70000003,Sushi Go UDEM,4,0,0,Mariana,,12:35:00 08-02-2025,12:41:00 08-02-2025,12:57:00 08-02-2025,,,,Entregada,Tarjeta,101.91,3,,,,1,4,4048,,2,,,,Dragon Roll Estandar 1 $0.00,Anguila $0.00,
70000004,Sushi Go UDEM,5,0,1,Andrea,,21:53:00 13-02-2025,22:00:00 13-02-2025,22:10:00 13-02-2025,,,,Entregada,App,144.47,5,,,,2,4,4068,,3,,,,Ebi Roll Estandar 3 $0.00,Camarón $0.00,
70000005,Sushi Go UDEM,6,0,0,Luis,,13:29:00 30-01-2025,13:37:00 30-01-2025,13:50:00 30-01-2025,,,,Entregada,Tarjeta,309.14,4,,,,4,4,4034,,1,,,,Dragon Roll Estandar 3 $0.00,Anguila $0.00,
70000006,Sushi Go UDEM,7,0,1,Luis,,20:56:00 28-01-2025,21:03:00 28-01-2025,21:14:00 28-01-2025,,,,Entregada,Efectivo,320.02,3,,,,2,4,4095,,3,,,,Atún Especial Estandar 4 $0.00,Atún spicy $0.00,
70000007,Sushi Go UDEM,8,0,0,Carlos,,15:47:00 18-02-2025,15:58:00 18-02-2025,16:16:00 18-02-2025,,,,Entregada,Tarjeta,147.02,3,,,,1,4,4019,,3,,,,Salmón Roll Estandar 3 $0.00,Salmón fresco $0.00,
70000008,Sushi Go UDEM,9,0,1,Mariana,,21:27:00 25-01-2025,21:38:00 25-01-2025,21:45:00 25-01-2025,,,,Entregada,App,244.93,3,,,,1,4,4087,,3,,,,Salmón Roll Estandar 4 $0.00,Salmón fresco $0.00,
70000009,Sushi Go UDEM,10,0,1,Luis,,21:21:00 01-02-2025,21:24:00 01-02-2025,21:38:00 01-02-2025,,,,Entregada,App,207.97,3,,,,3,4,4081,,3,,,,Salmón Roll Estandar 2 $0.00,Salmón fresco $0.00,
70000010,Sushi Go UDEM,11,0,0,Mariana,,14:09:00 22-02-2025,14:16:00 22-02-2025,14:26:00 22-02-2025,,,,Entregada,Efectivo,217.04,3,,,,1,4,4030,,3,,,,California Roll Estandar 3 $0.00,Aguacate $0.00,
70000011,Sushi Go UDEM,12,0,0,Mariana,,12:46:00 20-01-2025,12:55:00 20-01-2025,13:02:00 20-01-2025,,,,Entregada,App,261.54,5,,,,4,4,4027,,3,,,,Spicy Tuna Roll Estandar 2 $0.00,Salsa spicy $0.00,
70000012,Sushi Go UDEM,13,0,1,Andrea,,14:45:00 28-02-2025,14:51:00 28-02-2025,15:08:00 28-02-2025,,,,Entregada,Tarjeta,323.9,3,,,,1,4,4043,,1,,,,Ebi Roll Estandar 4 $0.00,Camarón $0.00,
70000013,Sushi Go UDEM,14,0,0,Luis,,19:14:00 21-02-2025,19:25:00 21-02-2025,19:37:00 21-02-2025,,,,Entregada,Tarjeta,274.04,3,,,,3,4,4009,,3,,,,California Roll Estandar 1 $0.00,Aguacate $0.00,
70000014,Sushi Go UDEM,15,0,1,Carlos,,15:42:00 30-01-2025,15:51:00 30-01-2025,16:02:00 30-01-2025,,,,Entregada,Tarjeta,153.18,3,,,,1,4,4084,,2,,,,Spicy Tuna Roll Estandar 4 $0.00,Salsa spicy $0.00,
70000015,Sushi Go UDEM,16,0,1,Andrea,,17:26:00 06-02-2025,17:35:00 06-02-2025,17:41:00 06-02-2025,,,,Entregada,Tarjeta,194.68,3,,,,2,4,4068,,2,,,,Philadelphia Roll Estandar 1 $0.00,Queso crema $0.00,
70000016,Sushi Go UDEM,17,0,0,Andrea,,17:11:00 23-01-2025,17:17:00 23-01-2025,17:36:00 23-01-2025,,,,Entregada,App,205.21,5,,,,1,4,4011,,1,,,,Dragon Roll Estandar 1 $0.00,Anguila $0.00,
70000017,Sushi Go UDEM,18,0,0,Carlos,,17:31:00 25-01-2025,17:40:00 25-01-2025,17:51:00 25-01-2025,,,,Entregada,Efectivo,132.81,4,,,,3,4,4054,,3,,,,Salmón Roll Estandar 1 $0.00,Salmón fresco $0.00,
70000018,Sushi Go UDEM,19,0,0,Andrea,,21:45:00 19-02-2025,21:54:00 19-02-2025,22:03:00 19-02-2025,,,,Entregada,App,146.6,4,,,,1,4,4006,,3,,,,Dragon Roll Estandar 3 $0.00,Anguila $0.00,
70000019,Sushi Go UDEM,20,0,0,Andrea,,19:58:00 14-02-2025,20:08:00 14-02-2025,20:18:00 14-02-2025,,,,Entregada,App,311.35,3,,,,4,4,4015,,3,,,,California Roll Estandar 1 $0.00,Aguacate $0.00,
70000020,Sushi Go UDEM,21,0,0,Mariana,,20:38:00 30-01-2025,20:40:00 30-01-2025,20:47:00 30-01-2025,,,,Entregada,Tarjeta,333.02,4,,,,4,4,4016,,3,,,,Salmón Roll Estandar 3 $0.00,Salmón fresco $0.00,
70000021,Sushi Go UDEM,22,0,0,Andrea,,15:29:00 25-02-2025,15:36:00 25-02-2025,15:43:00 25-02-2025,,,,Entregada,App,251.5,3,,,,3,4,4016,,2,,,,California Roll Estandar 4 $0.00,Aguacate $0.00,
70000022,Sushi Go UDEM,23,0,0,Mariana,,14:23:00 19-01-2025,14:29:00 19-01-2025,14:39:00 19-01-2025,,,,Entregada,App,249.04,3,,,,2,4,4033,,1,,,,Atún Especial Estandar 3 $0.00,Atún spicy $0.00,
70000023,Sushi Go UDEM,24,0,1,Carlos,,19:09:00 21-01-2025,19:15:00 21-01-2025,19:29:00 21-01-2025,,,,Entregada,Efectivo,142.94,3,,,,1,4,4081,,2,,,,Dragon Roll Estandar 3 $0.00,Anguila $0.00,
70000024,Sushi Go UDEM,25,0,1,Andrea,,11:00:00 01-02-2025,11:07:00 01-02-2025,11:16:00 01-02-2025,,,,Entregada,Tarjeta,282.72,3,,,,2,4,4069,,1,,,,Tempura Roll Estandar 2 $0.00,Camarón tempura $0.00,
70000025,Sushi Go UDEM,26,0,0,Mariana,,20:35:00 07-02-2025,20:39:00 07-02-2025,20:57:00 07-02-2025,,,,Entregada,Tarjeta,170.15,5,,,,2,4,4085,,1,,,,Spicy Tuna Roll Estandar 1 $0.00,Salsa spicy $0.00,
70000026,Sushi Go UDEM,27,0,0,Carlos,,19:56:00 06-02-2025,20:04:00 06-02-2025,20:13:00 06-02-2025,,,,Entregada,Tarjeta,343.81,3,,,,3,4,4100,,2,,,,Dragon Roll Estandar 2 $0.00,Anguila $0.00,
70000027,Sushi Go UDEM,28,0,0,Luis,,14:17:00 26-02-2025,14:21:00 26-02-2025,14:29:00 26-02-2025,,,,Entregada,Efectivo,313.23,4,,,,3,4,4029,,1,,,,Salmón Roll Estandar 1 $0.00,Salmón fresco $0.00,
70000028,Sushi Go UDEM,29,0,1,Mariana,,21:12:00 16-01-2025,21:20:00 16-01-2025,21:35:00 16-01-2025,,,,Entregada,App,341.39,5,,,,4,4,4086,,3,,,,Tempura Roll Estandar 1 $0.00,Camarón tempura $0.00,
70000029,Sushi Go UDEM,30,0,1,Mariana,,11:07:00 05-02-2025,11:13:00 05-02-2025,11:23:00 05-02-2025,,,,Entregada,App,118.18,4,,,,4,4,4077,,3,,,,Tempura Roll Estandar 1 $0.00,Camarón tempura $0.00,
70000030,Sushi Go UDEM,31,0,0,Luis,,17:57:00 22-01-2025,18:08:00 22-01-2025,18:19:00 22-01-2025,,,,Entregada,Efectivo,274.28,4,,,,1,4,4085,,2,,,,Tempura Roll Estandar 1 $0.00,Camarón tempura $0.00,
70000031,Sushi Go UDEM,32,0,1,Luis,,16:42:00 23-02-2025,16:45:00 23-02-2025,16:59:00 23-02-2025,,,,Entregada,Tarjeta,174.81,4,,,,4,4,4086,,3,,,,Tempura Roll Estandar 4 $0.00,Camarón tempura $0.00,
70000032,Sushi Go UDEM,33,0,1,Mariana,,20:36:00 26-01-2025,20:42:00 26-01-2025,20:59:00 26-01-2025,,,,Entregada,Efectivo,164.6,4,,,,4,4,4086,,1,,,,California Roll Estandar 3 $0.00,Aguacate $0.00,
70000033,Sushi Go UDEM,34,0,0,Mariana,,18:50:00 16-02-2025,18:54:00 16-02-2025,19:01:00 16-02-2025,,,,Entregada,Tarjeta,114.28,3,,,,2,4,4003,,1,,,,Tempura Roll Estandar 3 $0.00,Camarón tempura $0.00,
70000034,Sushi Go UDEM,35,0,1,Carlos,,18:39:00 30-01-2025,18:42:00 30-01-2025,19:01:00 30-01-2025,,,,Entregada,Efectivo,276.77,3,,,,2,4,4083,,3,,,,Salmón Roll Estandar 2 $0.00,Salmón fresco $0.00,
70000035,Sushi Go UDEM,36,0,0,Andrea,,12:49:00 15-01-2025,12:57:00 15-01-2025,13:09:00 15-01-2025,,,,Entregada,Efectivo,103.06,3,,,,4,4,4085,,3,,,,Spicy Tuna Roll Estandar 4 $0.00,Salsa spicy $0.00,
70000036,Sushi Go UDEM,37,0,1,Carlos,,20:20:00 19-02-2025,20:29:00 19-02-2025,20:47:00 19-02-2025,,,,Entregada,Efectivo,283.35,3,,,,3,4,4098,,3,,,,Atún Especial Estandar 2 $0.00,Atún spicy $0.00,
70000037,Sushi Go UDEM,38,0,1,Mariana,,21:15:00 15-02-2025,21:21:00 15-02-2025,21:40:00 15-02-2025,,,,Entregada,App,150.97,3,,,,2,4,4019,,1,,,,Philadelphia Roll Estandar 3 $0.00,Queso crema $0.00,
70000038,Sushi Go UDEM,39,0,1,Carlos,,13:45:00 08-02-2025,13:50:00 08-02-2025,13:57:00 08-02-2025,,,,Entregada,Tarjeta,176.03,3,,,,4,4,4049,,3,,,,Salmón Roll Estandar 4 $0.00,Salmón fresco $0.00,
70000039,Sushi Go UDEM,40,0,1,Carlos,,11:54:00 28-02-2025,12:05:00 28-02-2025,12:22:00 28-02-2025,,,,Entregada,Efectivo,335.11,5,,,,2,4,4062,,1,,,,Atún Especial Estandar 1 $0.00,Atún spicy $0.00,
70000040,Sushi Go UDEM,41,0,1,Luis,,17:31:00 01-02-2025,17:33:00 01-02-2025,17:50:00 01-02-2025,,,,Entregada,App,278.29,5,,,,1,4,4050,,3,,,,Ebi Roll Estandar 4 $0.00,Camarón $0.00,
70000041,Sushi Go UDEM,42,0,1,Carlos,,21:01:00 20-02-2025,21:04:00 20-02-2025,21:22:00 20-02-2025,,,,Entregada,Efectivo,137.25,3,,,,4,4,4041,,2,,,,Spicy Tuna Roll Estandar 4 $0.00,Salsa spicy $0.00,
70000042,Sushi Go UDEM,43,0,0,Mariana,,15:48:00 08-02-2025,15:56:00 08-02-2025,16:09:00 08-02-2025,,,,Entregada,Tarjeta,95.04,5,,,,1,4,4099,,3,,,,Philadelphia Roll Estandar 4 $0.00,Queso crema $0.00,
70000043,Sushi Go UDEM,44,0,0,Luis,,11:15:00 17-01-2025,11:20:00 17-01-2025,11:25:00 17-01-2025,,,,Entregada,Efectivo,122.82,5,,,,3,4,4098,,2,,,,Spicy Tuna Roll Estandar 2 $0.00,Salsa spicy $0.00,
70000044,Sushi Go UDEM,45,0,1,Carlos,,20:38:00 25-01-2025,20:41:00 25-01-2025,20:51:00 25-01-2025,,,,Entregada,Efectivo,240.46,5,,,,2,4,4009,,3,,,,Tempura Roll Estandar 1 $0.00,Camarón tempura $0.00,
70000045,Sushi Go UDEM,46,0,1,Mariana,,21:15:00 28-02-2025,21:18:00 28-02-2025,21:32:00 28-02-2025,,,,Entregada,Tarjeta,180.27,5,,,,3,4,4001,,2,,,,Philadelphia Roll Estandar 1 $0.00,Queso crema $0.00,
70000046,Sushi Go UDEM,47,0,1,Carlos,,12:27:00 15-02-2025,12:34:00 15-02-2025,12:53:00 15-02-2025,,,,Entregada,Efectivo,135.8,4,,,,3,4,4041,,1,,,,Spicy Tuna Roll Estandar 4 $0.00,Salsa spicy $0.00,
70000047,Sushi Go UDEM,48,0,1,Mariana,,15:56:00 20-01-2025,16:05:00 20-01-2025,16:17:00 20-01-2025,,,,Entregada,Tarjeta,177.46,4,,,,2,4,4045,,2,,,,Atún Especial Estandar 4 $0.00,Atún spicy $0.00,
70000048,Sushi Go UDEM,49,0,1,Carlos,,15:56:00 05-02-2025,16:07:00 05-02-2025,16:20:00 05-02-2025,,,,Entregada,App,112.26,3,,,,4,4,4082,,3,,,,California Roll Estandar 2 $0.00,Aguacate $0.00,
70000049,Sushi Go UDEM,50,0,0,Mariana,,18:50:00 15-02-2025,18:52:00 15-02-2025,18:59:00 15-02-2025,,,,Entregada,App,195.14,5,,,,3,4,4060,,3,,,,Tempura Roll Estandar 2 $0.00,Camarón tempura $0.00,
70000050,Sushi Go UDEM,51,0,1,Luis,,16:27:00 17-02-2025,16:37:00 17-02-2025,16:52:00 17-02-2025,,,,Entregada,Tarjeta,160.44,5,,,,2,4,4040,,1,,,,Ebi Roll Estandar 4 $0.00,Camarón $0.00,
70000051,Sushi Go UDEM,52,0,0,Mariana,,13:12:00 18-02-2025,13:17:00 18-02-2025,13:37:00 18-02-2025,,,,Entregada,Tarjeta,344.93,4,,,,2,4,4038,,1,,,,Tempura Roll Estandar 3 $0.00,Camarón tempura $0.00,
70000052,Sushi Go UDEM,53,0,0,Carlos,,19:08:00 01-03-2025,19:14:00 01-03-2025,19:20:00 01-03-2025,,,,Entregada,Tarjeta,271.33,3,,,,3,4,4060,,2,,,,California Roll Estandar 3 $0.00,Aguacate $0.00,
70000053,Sushi Go UDEM,54,0,1,Carlos,,16:11:00 12-02-2025,16:13:00 12-02-2025,16:26:00 12-02-2025,,,,Entregada,Tarjeta,303.75,5,,,,1,4,4019,,1,,,,Atún Especial Estandar 1 $0.00,Atún spicy $0.00,
70000054,Sushi Go UDEM,55,0,1,Carlos,,15:05:00 20-02-2025,15:10:00 20-02-2025,15:18:00 20-02-2025,,,,Entregada,Efectivo,291.68,4,,,,4,4,4039,,3,,,,Salmón Roll Estandar 2 $0.00,Salmón fresco $0.00,
70000055,Sushi Go UDEM,56,0,0,Luis,,11:39:00 23-02-2025,11:42:00 23-02-2025,11:53:00 23-02-2025,,,,Entregada,Tarjeta,261.71,5,,,,1,4,4020,,1,,,,Dragon Roll Estandar 3 $0.00,Anguila $0.00,
70000056,Sushi Go UDEM,57,0,1,Carlos,,18:44:00 10-02-2025,18:55:00 10-02-2025,19:15:00 10-02-2025,,,,Entregada,Tarjeta,150.18,5,,,,2,4,4033,,3,,,,Tempura Roll Estandar 1 $0.00,Camarón tempura $0.00,
70000057,Sushi Go UDEM,58,0,1,Luis,,21:51:00 21-02-2025,21:56:00 21-02-2025,22:14:00 21-02-2025,,,,Entregada,Tarjeta,258.39,3,,,,2,4,4039,,3,,,,Philadelphia Roll Estandar 2 $0.00,Queso crema $0.00,
70000058,Sushi Go UDEM,59,0,1,Carlos,,15:28:00 20-02-2025,15:31:00 20-02-2025,15:50:00 20-02-2025,,,,Entregada,Tarjeta,335.1,5,,,,1,4,4055,,3,,,,Tempura Roll Estandar 4 $0.00,Camarón tempura $0.00,
70000059,Sushi Go UDEM,60,0,1,Andrea,,20:16:00 04-02-2025,20:18:00 04-02-2025,20:25:00 04-02-2025,,,,Entregada,Tarjeta,349.89,4,,,,4,4,4035,,1,,,,Dragon Roll Estandar 1 $0.00,Anguila $0.00,
70000060,Sushi Go UDEM,61,0,1,Andrea,,17:40:00 21-02-2025,17:49:00 21-02-2025,17:56:00 21-02-2025,,,,Entregada,Tarjeta,196.17,4,,,,4,4,4088,,2,,,,Atún Especial Estandar 3 $0.00,Atún spicy $0.00,
70000061,Sushi Go UDEM,62,0,1,Andrea,,21:25:00 02-02-2025,21:35:00 02-02-2025,21:41:00 02-02-2025,,,,Entregada,Efectivo,171.77,5,,,,1,4,4084,,3,,,,Atún Especial Estandar 1 $0.00,Atún spicy $0.00,
70000062,Sushi Go UDEM,63,0,0,Mariana,,17:03:00 13-02-2025,17:08:00 13-02-2025,17:24:00 13-02-2025,,,,Entregada,App,287.6,3,,,,3,4,4056,,3,,,,Atún Especial Estandar 4 $0.00,Atún spicy $0.00,
70000063,Sushi Go UDEM,64,0,1,Andrea,,12:01:00 15-02-2025,12:13:00 15-02-2025,12:25:00 15-02-2025,,,,Entregada,Tarjeta,233.22,3,,,,4,4,4015,,3,,,,Spicy Tuna Roll Estandar 3 $0.00,Salsa spicy $0.00,
70000064,Sushi Go UDEM,65,0,0,Carlos,,18:59:00 24-01-2025,19:05:00 24-01-2025,19:18:00 24-01-2025,,,,Entregada,App,344.86,3,,,,4,4,4024,,3,,,,Salmón Roll Estandar 4 $0.00,Salmón fresco $0.00,
70000065,Sushi Go UDEM,66,0,1,Andrea,,13:55:00 16-02-2025,13:58:00 16-02-2025,14:11:00 16-02-2025,,,,Entregada,Efectivo,332.9,5,,,,3,4,4075,,3,,,,Salmón Roll Estandar 3 $0.00,Salmón fresco $0.00,
70000066,Sushi Go UDEM,67,0,1,Carlos,,18:55:00 26-02-2025,18:59:00 26-02-2025,19:18:00 26-02-2025,,,,Entregada,Efectivo,176.43,3,,,,2,4,4073,,2,,,,Atún Especial Estandar 3 $0.00,Atún spicy $0.00,
70000067,Sushi Go UDEM,68,0,0,Carlos,,17:02:00 29-01-2025,17:09:00 29-01-2025,17:29:00 29-01-2025,,,,Entregada,Tarjeta,346.99,3,,,,3,4,4012,,2,,,,Salmón Roll Estandar 4 $0.00,Salmón fresco $0.00,
70000068,Sushi Go UDEM,69,0,0,Andrea,,19:58:00 21-01-2025,20:07:00 21-01-2025,20:12:00 21-01-2025,,,,Entregada,Efectivo,316.44,4,,,,3,4,4079,,3,,,,Spicy Tuna Roll Estandar 4 $0.00,Salsa spicy $0.00,
70000069,Sushi Go UDEM,70,0,0,Andrea,,21:05:00 09-02-2025,21:12:00 09-02-2025,21:29:00 09-02-2025,,,,Entregada,Tarjeta,316.82,5,,,,3,4,4029,,3,,,,Ebi Roll Estandar 4 $0.00,Camarón $0.00,
70000070,Sushi Go UDEM,71,0,0,Andrea,,17:06:00 20-01-2025,17:18:00 20-01-2025,17:26:00 20-01-2025,,,,Entregada,Efectivo,270.44,3,,,,3,4,4045,,2,,,,Atún Especial Estandar 2 $0.00,Atún spicy $0.00,
70000071,Sushi Go UDEM,72,0,1,Luis,,13:15:00 11-02-2025,13:25:00 11-02-2025,13:43:00 11-02-2025,,,,Entregada,Efectivo,135.52,5,,,,2,4,4029,,2,,,,Spicy Tuna Roll Estandar 2 $0.00,Salsa spicy $0.00,
70000072,Sushi Go UDEM,73,0,0,Andrea,,15:29:00 24-02-2025,15:35:00 24-02-2025,15:40:00 24-02-2025,,,,Entregada,Efectivo,266.18,4,,,,3,4,4081,,2,,,,Atún Especial Estandar 3 $0.00,Atún spicy $0.00,
70000073,Sushi Go UDEM,74,0,1,Mariana,,15:29:00 28-02-2025,15:35:00 28-02-2025,15:46:00 28-02-2025,,,,Entregada,App,117.73,4,,,,3,4,4002,,3,,,,Salmón Roll Estandar 4 $0.00,Salmón fresco $0.00,
70000074,Sushi Go UDEM,75,0,0,Mariana,,15:00:00 09-02-2025,15:11:00 09-02-2025,15:17:00 09-02-2025,,,,Entregada,Tarjeta,291.69,5,,,,2,4,4079,,2,,,,Atún Especial Estandar 3 $0.00,Atún spicy $0.00,
70000075,Sushi Go UDEM,76,0,0,Mariana,,21:43:00 27-02-2025,21:47:00 27-02-2025,21:55:00 27-02-2025,,,,Entregada,App,295.04,3,,,,1,4,4037,,2,,,,California Roll Estandar 3 $0.00,Aguacate $0.00,
70000076,Sushi Go UDEM,77,0,1,Mariana,,13:12:00 10-02-2025,13:16:00 10-02-2025,13:32:00 10-02-2025,,,,Entregada,App,156.81,4,,,,1,4,4059,,1,,,,Tempura Roll Estandar 2 $0.00,Camarón tempura $0.00,
70000077,Sushi Go UDEM,78,0,0,Mariana,,14:55:00 24-01-2025,15:07:00 24-01-2025,15:24:00 24-01-2025,,,,Entregada,App,295.58,3,,,,4,4,4047,,3,,,,Ebi Roll Estandar 1 $0.00,Camarón $0.00,
70000078,Sushi Go UDEM,79,0,1,Luis,,15:37:00 27-02-2025,15:45:00 27-02-2025,16:01:00 27-02-2025,,,,Entregada,App,212.58,3,,,,4,4,4089,,2,,,,Philadelphia Roll Estandar 2 $0.00,Queso crema $0.00,
70000079,Sushi Go UDEM,80,0,0,Andrea,,17:07:00 25-02-2025,17:11:00 25-02-2025,17:17:00 25-02-2025,,,,Entregada,Tarjeta,348.94,5,,,,2,4,4049,,2,,,,California Roll Estandar 3 $0.00,Aguacate $0.00,
70000080,Sushi Go UDEM,81,0,1,Carlos,,21:47:00 07-02-2025,21:57:00 07-02-2025,22:15:00 07-02-2025,,,,Entregada,Efectivo,260.28,3,,,,3,4,4027,,2,,,,Spicy Tuna Roll Estandar 4 $0.00,Salsa spicy $0.00,
70000081,Sushi Go UDEM,82,0,1,Luis,,14:54:00 12-02-2025,15:01:00 12-02-2025,15:09:00 12-02-2025,,,,Entregada,Tarjeta,105.74,4,,,,1,4,4084,,1,,,,Ebi Roll Estandar 3 $0.00,Camarón $0.00,
70000082,Sushi Go UDEM,83,0,0,Andrea,,21:38:00 25-02-2025,21:40:00 25-02-2025,21:46:00 25-02-2025,,,,Entregada,App,347.09,3,,,,2,4,4029,,2,,,,Ebi Roll Estandar 2 $0.00,Camarón $0.00,
70000083,Sushi Go UDEM,84,0,0,Andrea,,20:00:00 24-01-2025,20:06:00 24-01-2025,20:15:00 24-01-2025,,,,Entregada,Tarjeta,297.61,3,,,,3,4,4100,,1,,,,Spicy Tuna Roll Estandar 3 $0.00,Salsa spicy $0.00,
70000084,Sushi Go UDEM,85,0,0,Andrea,,16:01:00 21-02-2025,16:05:00 21-02-2025,16:18:00 21-02-2025,,,,Entregada,Efectivo,282.85,4,,,,3,4,4065,,3,,,,California Roll Estandar 2 $0.00,Aguacate $0.00,
70000085,Sushi Go UDEM,86,0,0,Andrea,,18:32:00 21-01-2025,18:37:00 21-01-2025,18:43:00 21-01-2025,,,,Entregada,Efectivo,257.27,4,,,,4,4,4087,,1,,,,Tempura Roll Estandar 4 $0.00,Camarón tempura $0.00,
70000086,Sushi Go UDEM,87,0,1,Carlos,,18:04:00 15-02-2025,18:07:00 15-02-2025,18:22:00 15-02-2025,,,,Entregada,App,122.81,5,,,,3,4,4058,,3,,,,Spicy Tuna Roll Estandar 1 $0.00,Salsa spicy $0.00,
70000087,Sushi Go UDEM,88,0,1,Mariana,,17:06:00 22-02-2025,17:09:00 22-02-2025,17:20:00 22-02-2025,,,,Entregada,Efectivo,320.9,4,,,,4,4,4093,,1,,,,Salmón Roll Estandar 4 $0.00,Salmón fresco $0.00,
70000088,Sushi Go UDEM,89,0,1,Andrea,,17:20:00 04-02-2025,17:32:00 04-02-2025,17:45:00 04-02-2025,,,,Entregada,Tarjeta,268.57,3,,,,1,4,4055,,1,,,,Ebi Roll Estandar 2 $0.00,Camarón $0.00,
70000089,Sushi Go UDEM,90,0,1,Andrea,,13:35:00 07-02-2025,13:37:00 07-02-2025,13:52:00 07-02-2025,,,,Entregada,Efectivo,181.94,5,,,,3,4,4045,,1,,,,Philadelphia Roll Estandar 4 $0.00,Queso crema $0.00,
70000090,Sushi Go UDEM,91,0,1,Andrea,,19:13:00 20-02-2025,19:17:00 20-02-2025,19:37:00 20-02-2025,,,,Entregada,Efectivo,181.03,5,,,,2,4,4054,,3,,,,Dragon Roll Estandar 1 $0.00,Anguila $0.00,
70000091,Sushi Go UDEM,92,0,1,Mariana,,20:43:00 23-02-2025,20:55:00 23-02-2025,21:00:00 23-02-2025,,,,Entregada,Efectivo,136.91,3,,,,2,4,4018,,3,,,,Tempura Roll Estandar 1 $0.00,Camarón tempura $0.00,
70000092,Sushi Go UDEM,93,0,1,Mariana,,17:04:00 26-02-2025,17:08:00 26-02-2025,17:13:00 26-02-2025,,,,Entregada,Tarjeta,187.81,4,,,,3,4,4092,,2,,,,Philadelphia Roll Estandar 2 $0.00,Queso crema $0.00,
70000093,Sushi Go UDEM,94,0,1,Carlos,,20:05:00 20-02-2025,20:07:00 20-02-2025,20:16:00 20-02-2025,,,,Entregada,App,265.23,4,,,,4,4,4077,,2,,,,Spicy Tuna Roll Estandar 1 $0.00,Salsa spicy $0.00,
70000094,Sushi Go UDEM,95,0,1,Mariana,,15:13:00 10-02-2025,15:23:00 10-02-2025,15:31:00 10-02-2025,,,,Entregada,Tarjeta,118.83,3,,,,4,4,4076,,1,,,,Ebi Roll Estandar 4 $0.00,Camarón $0.00,
70000095,Sushi Go UDEM,96,0,0,Carlos,,14:19:00 15-01-2025,14:24:00 15-01-2025,14:33:00 15-01-2025,,,,Entregada,App,175.31,4,,,,2,4,4016,,2,,,,Tempura Roll Estandar 3 $0.00,Camarón tempura $0.00,
70000096,Sushi Go UDEM,97,0,0,Carlos,,14:32:00 18-02-2025,14:42:00 18-02-2025,14:58:00 18-02-2025,,,,Entregada,Tarjeta,314.06,4,,,,1,4,4040,,3,,,,Philadelphia Roll Estandar 4 $0.00,Queso crema $0.00,
70000097,Sushi Go UDEM,98,0,1,Luis,,20:25:00 11-02-2025,20:37:00 11-02-2025,20:55:00 11-02-2025,,,,Entregada,App,195.31,4,,,,3,4,4011,,2,,,,Tempura Roll Estandar 1 $0.00,Camarón tempura $0.00,
70000098,Sushi Go UDEM,99,0,1,Luis,,14:27:00 21-01-2025,14:38:00 21-01-2025,14:55:00 21-01-2025,,,,Entregada,Efectivo,316.34,3,,,,1,4,4065,,3,,,,Philadelphia Roll Estandar 4 $0.00,Queso crema $0.00,
70000099,Sushi Go UDEM,100,0,0,Mariana,,19:32:00 22-01-2025,19:37:00 22-01-2025,19:53:00 22-01-2025,,,,Entregada,Tarjeta,151.43,3,,,,2,4,4097,,3,,,,Ebi Roll Estandar 2 $0.00,Camarón $0.00,
70000100,Sushi Go UDEM,101,0,1,Mariana,,13:49:00 19-01-2025,14:01:00 19-01-2025,14:21:00 19-01-2025,,,,Entregada,Tarjeta,267.09,4,,,,1,4,4060,,2,,,,Atún Especial Estandar 4 $0.00,Atún spicy $0.00,
70000101,Sushi Go UDEM,102,0,1,Andrea,,15:50:00 24-02-2025,15:56:00 24-02-2025,16:02:00 24-02-2025,,,,Entregada,Tarjeta,170.71,4,,,,3,4,4009,,3,,,,Ebi Roll Estandar 1 $0.00,Camarón $0.00,
70000102,Sushi Go UDEM,103,0,0,Mariana,,20:38:00 20-01-2025,20:48:00 20-01-2025,21:05:00 20-01-2025,,,,Entregada,App,206.93,4,,,,2,4,4007,,2,,,,Atún Especial Estandar 1 $0.00,Atún spicy $0.00,
70000103,Sushi Go UDEM,104,0,1,Luis,,16:45:00 21-01-2025,16:48:00 21-01-2025,16:58:00 21-01-2025,,,,Entregada,Efectivo,273.98,4,,,,3,4,4049,,2,,,,California Roll Estandar 2 $0.00,Aguacate $0.00,
70000104,Sushi Go UDEM,105,0,1,Mariana,,21:38:00 05-02-2025,21:40:00 05-02-2025,21:55:00 05-02-2025,,,,Entregada,Efectivo,114.57,5,,,,2,4,4042,,1,,,,Philadelphia Roll Estandar 3 $0.00,Queso crema $0.00,
70000105,Sushi Go UDEM,106,0,0,Mariana,,21:09:00 21-02-2025,21:16:00 21-02-2025,21:30:00 21-02-2025,,,,Entregada,App,244.71,4,,,,3,4,4016,,3,,,,Salmón Roll Estandar 2 $0.00,Salmón fresco $0.00,
70000106,Sushi Go UDEM,107,0,1,Luis,,21:58:00 28-02-2025,22:08:00 28-02-2025,22:15:00 28-02-2025,,,,Entregada,Tarjeta,94.74,4,,,,4,4,4024,,1,,,,Salmón Roll Estandar 3 $0.00,Salmón fresco $0.00,
70000107,Sushi Go UDEM,108,0,0,Carlos,,13:04:00 23-01-2025,13:10:00 23-01-2025,13:18:00 23-01-2025,,,,Entregada,Tarjeta,317.86,3,,,,2,4,4088,,3,,,,California Roll Estandar 3 $0.00,Aguacate $0.00,
70000108,Sushi Go UDEM,109,0,1,Luis,,18:02:00 25-01-2025,18:10:00 25-01-2025,18:26:00 25-01-2025,,,,Entregada,App,248.75,3,,,,3,4,4100,,2,,,,Dragon Roll Estandar 4 $0.00,Anguila $0.00,
70000109,Sushi Go UDEM,110,0,1,Luis,,16:43:00 27-01-2025,16:54:00 27-01-2025,17:13:00 27-01-2025,,,,Entregada,Tarjeta,292.31,5,,,,2,4,4032,,1,,,,Atún Especial Estandar 3 $0.00,Atún spicy $0.00,
70000110,Sushi Go UDEM,111,0,0,Mariana,,18:55:00 25-02-2025,19:02:00 25-02-2025,19:10:00 25-02-2025,,,,Entregada,Efectivo,111.81,5,,,,2,4,4055,,1,,,,Philadelphia Roll Estandar 3 $0.00,Queso crema $0.00,
70000111,Sushi Go UDEM,112,0,1,Luis,,18:56:00 29-01-2025,19:03:00 29-01-2025,19:08:00 29-01-2025,,,,Entregada,Efectivo,193.08,3,,,,3,4,4028,,1,,,,Salmón Roll Estandar 1 $0.00,Salmón fresco $0.00,
70000112,Sushi Go UDEM,113,0,1,Luis,,12:53:00 04-02-2025,13:05:00 04-02-2025,13:20:00 04-02-2025,,,,Entregada,App,99.96,4,,,,4,4,4078,,1,,,,Spicy Tuna Roll Estandar 2 $0.00,Salsa spicy $0.00,
70000113,Sushi Go UDEM,114,0,0,Mariana,,11:16:00 20-01-2025,11:21:00 20-01-2025,11:30:00 20-01-2025,,,,Entregada,Tarjeta,291.8,3,,,,2,4,4053,,3,,,,Salmón Roll Estandar 1 $0.00,Salmón fresco $0.00,
70000114,Sushi Go UDEM,115,0,1,Carlos,,18:04:00 23-02-2025,18:07:00 23-02-2025,18:27:00 23-02-2025,,,,Entregada,Tarjeta,276.82,5,,,,3,4,4030,,3,,,,California Roll Estandar 2 $0.00,Aguacate $0.00,
70000115,Sushi Go UDEM,116,0,0,Carlos,,13:42:00 10-02-2025,13:54:00 10-02-2025,14:01:00 10-02-2025,,,,Entregada,Efectivo,337.88,3,,,,4,4,4047,,2,,,,Ebi Roll Estandar 1 $0.00,Camarón $0.00,
70000116,Sushi Go UDEM,117,0,1,Luis,,16:50:00 16-01-2025,16:53:00 16-01-2025,17:09:00 16-01-2025,,,,Entregada,Tarjeta,290.59,4,,,,3,4,4082,,1,,,,Dragon Roll Estandar 1 $0.00,Anguila $0.00,
70000117,Sushi Go UDEM,118,0,1,Andrea,,18:44:00 27-02-2025,18:53:00 27-02-2025,19:03:00 27-02-2025,,,,Entregada,Efectivo,276.17,3,,,,1,4,4025,,1,,,,Spicy Tuna Roll Estandar 1 $0.00,Salsa spicy $0.00,
70000118,Sushi Go UDEM,119,0,0,Mariana,,15:32:00 04-02-2025,15:40:00 04-02-2025,16:00:00 04-02-2025,,,,Entregada,Efectivo,285.86,3,,,,3,4,4034,,1,,,,Tempura Roll Estandar 1 $0.00,Camarón tempura $0.00,
70000119,Sushi Go UDEM,120,0,1,Carlos,,17:56:00 07-02-2025,18:04:00 07-02-2025,18:23:00 07-02-2025,,,,Entregada,Efectivo,343.17,5,,,,3,4,4010,,3,,,,Salmón Roll Estandar 3 $0.00,Salmón fresco $0.00,
70000120,Sushi Go UDEM,121,0,1,Mariana,,12:27:00 11-02-2025,12:38:00 11-02-2025,12:48:00 11-02-2025,,,,Entregada,Efectivo,116.68,4,,,,4,4,4021,,3,,,,Tempura Roll Estandar 3 $0.00,Camarón tempura $0.00,
70000121,Sushi Go UDEM,122,0,0,Andrea,,16:28:00 12-02-2025,16:30:00 12-02-2025,16:46:00 12-02-2025,,,,Entregada,App,256.26,5,,,,4,4,4046,,3,,,,Salmón Roll Estandar 3 $0.00,Salmón fresco $0.00,
70000122,Sushi Go UDEM,123,0,1,Mariana,,13:01:00 27-02-2025,13:05:00 27-02-2025,13:24:00 27-02-2025,,,,Entregada,Efectivo,107.48,5,,,,1,4,4077,,1,,,,California Roll Estandar 2 $0.00,Aguacate $0.00,
70000123,Sushi Go UDEM,124,0,1,Mariana,,18:23:00 27-02-2025,18:30:00 27-02-2025,18:49:00 27-02-2025,,,,Entregada,App,227.66,4,,,,2,4,4014,,1,,,,Philadelphia Roll Estandar 2 $0.00,Queso crema $0.00,
70000124,Sushi Go UDEM,125,0,0,Mariana,,18:33:00 26-01-2025,18:41:00 26-01-2025,18:49:00 26-01-2025,,,,Entregada,App,273.05,4,,,,2,4,4015,,1,,,,Tempura Roll Estandar 3 $0.00,Camarón tempura $0.00,
70000125,Sushi Go UDEM,126,0,1,Mariana,,18:11:00 19-01-2025,18:20:00 19-01-2025,18:27:00 19-01-2025,,,,Entregada,Tarjeta,274.48,5,,,,2,4,4046,,3,,,,Ebi Roll Estandar 3 $0.00,Camarón $0.00,
70000126,Sushi Go UDEM,127,0,1,Carlos,,12:12:00 29-01-2025,12:16:00 29-01-2025,12:28:00 29-01-2025,,,,Entregada,App,183.83,3,,,,1,4,4008,,2,,,,Atún Especial Estandar 1 $0.00,Atún spicy $0.00,
70000127,Sushi Go UDEM,128,0,0,Carlos,,18:33:00 09-02-2025,18:41:00 09-02-2025,18:59:00 09-02-2025,,,,Entregada,Efectivo,342.82,5,,,,3,4,4016,,3,,,,Philadelphia Roll Estandar 2 $0.00,Queso crema $0.00,
70000128,Sushi Go UDEM,129,0,1,Luis,,20:11:00 24-02-2025,20:15:00 24-02-2025,20:33:00 24-02-2025,,,,Entregada,Tarjeta,224.71,4,,,,2,4,4044,,3,,,,California Roll Estandar 1 $0.00,Aguacate $0.00,
70000129,Sushi Go UDEM,130,0,0,Luis,,12:16:00 02-02-2025,12:21:00 02-02-2025,12:34:00 02-02-2025,,,,Entregada,App,249.75,5,,,,2,4,4021,,3,,,,Spicy Tuna Roll Estandar 3 $0.00,Salsa spicy $0.00,
70000130,Sushi Go UDEM,131,0,1,Luis,,20:21:00 23-02-2025,20:32:00 23-02-2025,20:38:00 23-02-2025,,,,Entregada,App,101.82,4,,,,1,4,4063,,3,,,,California Roll Estandar 1 $0.00,Aguacate $0.00,
70000131,Sushi Go UDEM,132,0,0,Andrea,,15:41:00 18-02-2025,15:47:00 18-02-2025,16:07:00 18-02-2025,,,,Entregada,Tarjeta,167.33,4,,,,4,4,4061,,2,,,,Dragon Roll Estandar 4 $0.00,Anguila $0.00,
70000132,Sushi Go UDEM,133,0,0,Mariana,,16:38:00 28-01-2025,16:42:00 28-01-2025,16:57:00 28-01-2025,,,,Entregada,App,343.6,5,,,,1,4,4040,,1,,,,Ebi Roll Estandar 3 $0.00,Camarón $0.00,
70000133,Sushi Go UDEM,134,0,1,Carlos,,12:17:00 13-02-2025,12:26:00 13-02-2025,12:38:00 13-02-2025,,,,Entregada,Tarjeta,103.16,3,,,,3,4,4073,,3,,,,Spicy Tuna Roll Estandar 1 $0.00,Salsa spicy $0.00,
70000134,Sushi Go UDEM,135,0,1,Andrea,,14:48:00 04-02-2025,14:52:00 04-02-2025,15:12:00 04-02-2025,,,,Entregada,Tarjeta,318.56,4,,,,4,4,4030,,1,,,,Atún Especial Estandar 4 $0.00,Atún spicy $0.00,
70000135,Sushi Go UDEM,136,0,0,Andrea,,16:03:00 21-02-2025,16:05:00 21-02-2025,16:19:00 21-02-2025,,,,Entregada,Efectivo,164.29,3,,,,3,4,4093,,2,,,,Atún Especial Estandar 4 $0.00,Atún spicy $0.00,
70000136,Sushi Go UDEM,137,0,0,Carlos,,16:02:00 09-02-2025,16:10:00 09-02-2025,16:16:00 09-02-2025,,,,Entregada,App,233.84,4,,,,3,4,4079,,3,,,,Dragon Roll Estandar 3 $0.00,Anguila $0.00,
70000137,Sushi Go UDEM,138,0,1,Luis,,12:08:00 23-02-2025,12:11:00 23-02-2025,12:28:00 23-02-2025,,,,Entregada,Tarjeta,235.04,5,,,,4,4,4064,,1,,,,Ebi Roll Estandar 3 $0.00,Camarón $0.00,
70000138,Sushi Go UDEM,139,0,0,Mariana,,11:08:00 17-01-2025,11:15:00 17-01-2025,11:35:00 17-01-2025,,,,Entregada,App,247.63,4,,,,2,4,4050,,3,,,,Atún Especial Estandar 2 $0.00,Atún spicy $0.00,
70000139,Sushi Go UDEM,140,0,1,Mariana,,20:21:00 03-02-2025,20:31:00 03-02-2025,20:51:00 03-02-2025,,,,Entregada,App,302.09,3,,,,4,4,4074,,2,,,,Tempura Roll Estandar 4 $0.00,Camarón tempura $0.00,
70000140,Sushi Go UDEM,141,0,1,Luis,,21:01:00 28-02-2025,21:12:00 28-02-2025,21:32:00 28-02-2025,,,,Entregada,App,277.56,5,,,,4,4,4018,,3,,,,Tempura Roll Estandar 2 $0.00,Camarón tempura $0.00,
70000141,Sushi Go UDEM,142,0,0,Carlos,,11:36:00 30-01-2025,11:39:00 30-01-2025,11:50:00 30-01-2025,,,,Entregada,App,171.56,3,,,,4,4,4064,,3,,,,California Roll Estandar 4 $0.00,Aguacate $0.00,
70000142,Sushi Go UDEM,143,0,1,Luis,,11:45:00 14-02-2025,11:49:00 14-02-2025,12:00:00 14-02-2025,,,,Entregada,Efectivo,226.62,5,,,,3,4,4069,,2,,,,Ebi Roll Estandar 4 $0.00,Camarón $0.00,
70000143,Sushi Go UDEM,144,0,1,Luis,,21:41:00 27-02-2025,21:47:00 27-02-2025,22:07:00 27-02-2025,,,,Entregada,Efectivo,162.54,4,,,,2,4,4088,,3,,,,Dragon Roll Estandar 2 $0.00,Anguila $0.00,
70000144,Sushi Go UDEM,145,0,1,Carlos,,16:30:00 15-02-2025,16:37:00 15-02-2025,16:50:00 15-02-2025,,,,Entregada,Efectivo,239.1,3,,,,3,4,4005,,2,,,,Tempura Roll Estandar 1 $0.00,Camarón tempura $0.00,
70000145,Sushi Go UDEM,146,0,1,Mariana,,12:22:00 01-03-2025,12:31:00 01-03-2025,12:44:00 01-03-2025,,,,Entregada,Tarjeta,142.54,3,,,,2,4,4031,,1,,,,Atún Especial Estandar 2 $0.00,Atún spicy $0.00,
70000146,Sushi Go UDEM,147,0,1,Andrea,,19:14:00 26-02-2025,19:26:00 26-02-2025,19:38:00 26-02-2025,,,,Entregada,App,197.46,3,,,,1,4,4070,,1,,,,California Roll Estandar 1 $0.00,Aguacate $0.00,
70000147,Sushi Go UDEM,148,0,0,Andrea,,21:59:00 10-02-2025,22:08:00 10-02-2025,22:28:00 10-02-2025,,,,Entregada,App,173.5,5,,,,2,4,4068,,3,,,,Dragon Roll Estandar 3 $0.00,Anguila $0.00,
70000148,Sushi Go UDEM,149,0,1,Andrea,,13:26:00 17-01-2025,13:30:00 17-01-2025,13:36:00 17-01-2025,,,,Entregada,Tarjeta,138.44,4,,,,1,4,4042,,2,,,,Salmón Roll Estandar 4 $0.00,Salmón fresco $0.00,
70000149,Sushi Go UDEM,150,0,0,Mariana,,21:34:00 13-02-2025,21:44:00 13-02-2025,22:04:00 13-02-2025,,,,Entregada,Tarjeta,160.94,5,,,,4,4,4082,,2,,,,Spicy Tuna Roll Estandar 4 $0.00,Salsa spicy $0.00,
70000150,Sushi Go UDEM,151,0,1,Carlos,,13:00:00 01-03-2025,13:07:00 01-03-2025,13:21:00 01-03-2025,,,,Entregada,App,248.85,4,,,,1,4,4051,,3,,,,Dragon Roll Estandar 2 $0.00,Anguila $0.00,
70000151,Sushi Go UDEM,152,0,0,Carlos,,13:08:00 21-01-2025,13:17:00 21-01-2025,13:32:00 21-01-2025,,,,Entregada,Efectivo,157.8,4,,,,3,4,4074,,3,,,,Dragon Roll Estandar 1 $0.00,Anguila $0.00,
70000152,Sushi Go UDEM,153,0,1,Mariana,,11:16:00 20-02-2025,11:28:00 20-02-2025,11:44:00 20-02-2025,,,,Entregada,Tarjeta,263.62,4,,,,3,4,4088,,1,,,,Dragon Roll Estandar 1 $0.00,Anguila $0.00,
70000153,Sushi Go UDEM,154,0,1,Mariana,,15:23:00 24-02-2025,15:34:00 24-02-2025,15:46:00 24-02-2025,,,,Entregada,Efectivo,214.33,5,,,,4,4,4096,,3,,,,Dragon Roll Estandar 2 $0.00,Anguila $0.00,
70000154,Sushi Go UDEM,155,0,0,Andrea,,14:48:00 26-02-2025,14:53:00 26-02-2025,15:00:00 26-02-2025,,,,Entregada,App,110.31,5,,,,2,4,4073,,3,,,,Atún Especial Estandar 3 $0.00,Atún spicy $0.00,
70000155,Sushi Go UDEM,156,0,1,Andrea,,13:20:00 24-01-2025,13:30:00 24-01-2025,13:49:00 24-01-2025,,,,Entregada,App,276.4,4,,,,1,4,4058,,1,,,,Philadelphia Roll Estandar 2 $0.00,Queso crema $0.00,
70000156,Sushi Go UDEM,157,0,1,Mariana,,17:29:00 16-02-2025,17:40:00 16-02-2025,17:46:00 16-02-2025,,,,Entregada,Tarjeta,278.05,5,,,,2,4,4074,,1,,,,Atún Especial Estandar 3 $0.00,Atún spicy $0.00,
70000157,Sushi Go UDEM,158,0,1,Luis,,17:22:00 17-01-2025,17:25:00 17-01-2025,17:31:00 17-01-2025,,,,Entregada,Tarjeta,98.25,5,,,,4,4,4047,,2,,,,Philadelphia Roll Estandar 4 $0.00,Queso crema $0.00,
70000158,Sushi Go UDEM,159,0,1,Luis,,17:24:00 12-02-2025,17:27:00 12-02-2025,17:36:00 12-02-2025,,,,Entregada,App,136.4,3,,,,1,4,4096,,1,,,,Ebi Roll Estandar 1 $0.00,Camarón $0.00,
70000159,Sushi Go UDEM,160,0,1,Luis,,18:43:00 03-02-2025,18:53:00 03-02-2025,19:11:00 03-02-2025,,,,Entregada,Efectivo,154.35,3,,,,1,4,4004,,3,,,,Salmón Roll Estandar 2 $0.00,Salmón fresco $0.00,
70000160,Sushi Go UDEM,161,0,0,Carlos,,20:49:00 10-02-2025,20:51:00 10-02-2025,21:03:00 10-02-2025,,,,Entregada,App,116.23,5,,,,1,4,4031,,3,,,,Dragon Roll Estandar 1 $0.00,Anguila $0.00,
70000161,Sushi Go UDEM,162,0,1,Luis,,17:28:00 17-01-2025,17:33:00 17-01-2025,17:44:00 17-01-2025,,,,Entregada,App,221.01,5,,,,3,4,4073,,3,,,,California Roll Estandar 2 $0.00,Aguacate $0.00,
70000162,Sushi Go UDEM,163,0,0,Luis,,16:15:00 27-02-2025,16:21:00 27-02-2025,16:30:00 27-02-2025,,,,Entregada,App,168.13,5,,,,4,4,4071,,2,,,,Dragon Roll Estandar 4 $0.00,Anguila $0.00,
70000163,Sushi Go UDEM,164,0,1,Carlos,,16:41:00 18-01-2025,16:53:00 18-01-2025,17:10:00 18-01-2025,,,,Entregada,Tarjeta,196.15,5,,,,4,4,4030,,1,,,,Ebi Roll Estandar 4 $0.00,Camarón $0.00,
70000164,Sushi Go UDEM,165,0,0,Carlos,,13:51:00 03-02-2025,14:00:00 03-02-2025,14:06:00 03-02-2025,,,,Entregada,Tarjeta,234.89,4,,,,2,4,4042,,3,,,,Salmón Roll Estandar 4 $0.00,Salmón fresco $0.00,
70000165,Sushi Go UDEM,166,0,0,Andrea,,18:54:00 20-01-2025,19:01:00 20-01-2025,19:08:00 20-01-2025,,,,Entregada,Tarjeta,159.8,5,,,,2,4,4061,,1,,,,Dragon Roll Estandar 1 $0.00,Anguila $0.00,
70000166,Sushi Go UDEM,167,0,1,Luis,,15:58:00 05-02-2025,16:00:00 05-02-2025,16:11:00 05-02-2025,,,,Entregada,App,284.19,5,,,,2,4,4050,,1,,,,Dragon Roll Estandar 1 $0.00,Anguila $0.00,
70000167,Sushi Go UDEM,168,0,1,Carlos,,16:49:00 19-02-2025,16:55:00 19-02-2025,17:12:00 19-02-2025,,,,Entregada,Efectivo,170.19,3,,,,4,4,4097,,2,,,,Atún Especial Estandar 3 $0.00,Atún spicy $0.00,
70000168,Sushi Go UDEM,169,0,1,Mariana,,16:20:00 28-01-2025,16:28:00 28-01-2025,16:34:00 28-01-2025,,,,Entregada,Tarjeta,94.22,3,,,,3,4,4029,,2,,,,Dragon Roll Estandar 2 $0.00,Anguila $0.00,
70000169,Sushi Go UDEM,170,0,1,Carlos,,14:31:00 20-02-2025,14:41:00 20-02-2025,14:56:00 20-02-2025,,,,Entregada,Tarjeta,341.29,5,,,,3,4,4021,,1,,,,Tempura Roll Estandar 4 $0.00,Camarón tempura $0.00,
70000170,Sushi Go UDEM,171,0,0,Andrea,,18:11:00 18-02-2025,18:21:00 18-02-2025,18:27:00 18-02-2025,,,,Entregada,Efectivo,335.75,3,,,,2,4,4008,,3,,,,California Roll Estandar 1 $0.00,Aguacate $0.00,
70000171,Sushi Go UDEM,172,0,1,Carlos,,11:13:00 24-01-2025,11:23:00 24-01-2025,11:42:00 24-01-2025,,,,Entregada,Tarjeta,250.64,3,,,,4,4,4001,,1,,,,Ebi Roll Estandar 1 $0.00,Camarón $0.00,
70000172,Sushi Go UDEM,173,0,0,Luis,,15:34:00 17-02-2025,15:40:00 17-02-2025,15:45:00 17-02-2025,,,,Entregada,Tarjeta,117.82,3,,,,3,4,4045,,2,,,,Salmón Roll Estandar 2 $0.00,Salmón fresco $0.00,
70000173,Sushi Go UDEM,174,0,0,Andrea,,12:23:00 09-02-2025,12:31:00 09-02-2025,12:50:00 09-02-2025,,,,Entregada,Tarjeta,167.99,4,,,,4,4,4048,,3,,,,Dragon Roll Estandar 2 $0.00,Anguila $0.00,
70000174,Sushi Go UDEM,175,0,1,Andrea,,11:40:00 14-02-2025,11:42:00 14-02-2025,11:52:00 14-02-2025,,,,Entregada,App,309.79,3,,,,2,4,4027,,3,,,,Philadelphia Roll Estandar 4 $0.00,Queso crema $0.00,
70000175,Sushi Go UDEM,176,0,1,Andrea,,18:17:00 20-02-2025,18:19:00 20-02-2025,18:26:00 20-02-2025,,,,Entregada,Tarjeta,136.63,5,,,,2,4,4096,,3,,,,Tempura Roll Estandar 1 $0.00,Camarón tempura $0.00,
70000176,Sushi Go UDEM,177,0,0,Andrea,,12:19:00 09-02-2025,12:23:00 09-02-2025,12:35:00 09-02-2025,,,,Entregada,App,189.8,5,,,,3,4,4006,,1,,,,Salmón Roll Estandar 3 $0.00,Salmón fresco $0.00,
70000177,Sushi Go UDEM,178,0,1,Carlos,,14:53:00 11-02-2025,14:56:00 11-02-2025,15:11:00 11-02-2025,,,,Entregada,Efectivo,97.7,3,,,,3,4,4070,,2,,,,Salmón Roll Estandar 3 $0.00,Salmón fresco $0.00,
70000178,Sushi Go UDEM,179,0,0,Andrea,,13:43:00 11-02-2025,13:54:00 11-02-2025,14:11:00 11-02-2025,,,,Entregada,Efectivo,297.49,3,,,,4,4,4091,,3,,,,Philadelphia Roll Estandar 3 $0.00,Queso crema $0.00,
70000179,Sushi Go UDEM,180,0,1,Mariana,,17:20:00 24-01-2025,17:27:00 24-01-2025,17:35:00 24-01-2025,,,,Entregada,Efectivo,335.17,3,,,,2,4,4011,,1,,,,Philadelphia Roll Estandar 1 $0.00,Queso crema $0.00,
70000180,Sushi Go UDEM,181,0,0,Mariana,,18:35:00 11-02-2025,18:45:00 11-02-2025,19:03:00 11-02-2025,,,,Entregada,Efectivo,113.3,3,,,,3,4,4052,,2,,,,Philadelphia Roll Estandar 1 $0.00,Queso crema $0.00,
70000181,Sushi Go UDEM,182,0,1,Mariana,,19:57:00 20-01-2025,20:02:00 20-01-2025,20:12:00 20-01-2025,,,,Entregada,Efectivo,126.1,3,,,,1,4,4021,,2,,,,Salmón Roll Estandar 2 $0.00,Salmón fresco $0.00,
70000182,Sushi Go UDEM,183,0,1,Luis,,17:19:00 01-02-2025,17:28:00 01-02-2025,17:35:00 01-02-2025,,,,Entregada,Efectivo,335.5,3,,,,2,4,4038,,1,,,,Ebi Roll Estandar 3 $0.00,Camarón $0.00,
70000183,Sushi Go UDEM,184,0,0,Mariana,,16:53:00 09-02-2025,17:04:00 09-02-2025,17:21:00 09-02-2025,,,,Entregada,Efectivo,177.03,5,,,,2,4,4061,,2,,,,Ebi Roll Estandar 4 $0.00,Camarón $0.00,
70000184,Sushi Go UDEM,185,0,1,Mariana,,17:20:00 26-01-2025,17:26:00 26-01-2025,17:46:00 26-01-2025,,,,Entregada,Tarjeta,187.77,5,,,,2,4,4075,,3,,,,Dragon Roll Estandar 3 $0.00,Anguila $0.00,
70000185,Sushi Go UDEM,186,0,1,Andrea,,21:49:00 26-01-2025,21:59:00 26-01-2025,22:04:00 26-01-2025,,,,Entregada,Efectivo,204.0,5,,,,4,4,4017,,3,,,,Atún Especial Estandar 2 $0.00,Atún spicy $0.00,
70000186,Sushi Go UDEM,187,0,1,Carlos,,14:16:00 03-02-2025,14:28:00 03-02-2025,14:37:00 03-02-2025,,,,Entregada,App,109.23,5,,,,4,4,4069,,1,,,,Salmón Roll Estandar 4 $0.00,Salmón fresco $0.00,
70000187,Sushi Go UDEM,188,0,1,Luis,,19:38:00 07-02-2025,19:50:00 07-02-2025,19:57:00 07-02-2025,,,,Entregada,App,260.98,5,,,,1,4,4072,,3,,,,Philadelphia Roll Estandar 2 $0.00,Queso crema $0.00,
70000188,Sushi Go UDEM,189,0,0,Luis,,21:25:00 27-02-2025,21:32:00 27-02-2025,21:50:00 27-02-2025,,,,Entregada,Efectivo,115.64,4,,,,4,4,4059,,3,,,,Philadelphia Roll Estandar 1 $0.00,Queso crema $0.00,
70000189,Sushi Go UDEM,190,0,0,Andrea,,19:09:00 21-02-2025,19:16:00 21-02-2025,19:21:00 21-02-2025,,,,Entregada,App,166.81,3,,,,3,4,4039,,2,,,,Atún Especial Estandar 1 $0.00,Atún spicy $0.00,
70000190,Sushi Go UDEM,191,0,1,Mariana,,14:33:00 13-02-2025,14:42:00 13-02-2025,14:58:00 13-02-2025,,,,Entregada,Tarjeta,203.92,4,,,,1,4,4090,,1,,,,Atún Especial Estandar 1 $0.00,Atún spicy $0.00,
70000191,Sushi Go UDEM,192,0,1,Carlos,,16:41:00 16-01-2025,16:44:00 16-01-2025,16:54:00 16-01-2025,,,,Entregada,Efectivo,233.5,3,,,,4,4,4080,,1,,,,Dragon Roll Estandar 2 $0.00,Anguila $0.00,
70000192,Sushi Go UDEM,193,0,1,Carlos,,21:42:00 26-01-2025,21:50:00 26-01-2025,22:07:00 26-01-2025,,,,Entregada,Tarjeta,206.89,5,,,,2,4,4026,,2,,,,California Roll Estandar 2 $0.00,Aguacate $0.00,
70000193,Sushi Go UDEM,194,0,0,Mariana,,12:36:00 01-03-2025,12:39:00 01-03-2025,12:49:00 01-03-2025,,,,Entregada,App,141.24,4,,,,3,4,4076,,2,,,,Ebi Roll Estandar 3 $0.00,Camarón $0.00,
70000194,Sushi Go UDEM,195,0,1,Andrea,,17:37:00 23-02-2025,17:40:00 23-02-2025,17:56:00 23-02-2025,,,,Entregada,App,250.51,3,,,,3,4,4015,,1,,,,Ebi Roll Estandar 4 $0.00,Camarón $0.00,
70000195,Sushi Go UDEM,196,0,1,Carlos,,12:11:00 03-02-2025,12:18:00 03-02-2025,12:27:00 03-02-2025,,,,Entregada,Tarjeta,245.07,4,,,,2,4,4071,,1,,,,Salmón Roll Estandar 4 $0.00,Salmón fresco $0.00,
70000196,Sushi Go UDEM,197,0,0,Carlos,,15:08:00 15-02-2025,15:12:00 15-02-2025,15:27:00 15-02-2025,,,,Entregada,Tarjeta,315.04,3,,,,4,4,4071,,3,,,,Atún Especial Estandar 1 $0.00,Atún spicy $0.00,
70000197,Sushi Go UDEM,198,0,0,Andrea,,18:26:00 25-02-2025,18:38:00 25-02-2025,18:58:00 25-02-2025,,,,Entregada,Tarjeta,217.06,4,,,,1,4,4035,,1,,,,Salmón Roll Estandar 4 $0.00,Salmón fresco $0.00,
70000198,Sushi Go UDEM,199,0,1,Andrea,,15:10:00 18-02-2025,15:19:00 18-02-2025,15:39:00 18-02-2025,,,,Entregada,App,159.65,4,,,,2,4,4054,,1,,,,Philadelphia Roll Estandar 1 $0.00,Queso crema $0.00,
70000199,Sushi Go UDEM,200,0,0,Carlos,,14:19:00 25-02-2025,14:21:00 25-02-2025,14:40:00 25-02-2025,,,,Entregada,Tarjeta,314.17,3,,,,2,4,4094,,3,,,,Tempura Roll Estandar 3 $0.00,Camarón tempura $0.00,
70000200,Sushi Go UDEM,201,0,0,Andrea,,16:55:00 28-02-2025,17:06:00 28-02-2025,17:24:00 28-02-2025,,,,Entregada,App,294.06,4,,,,3,4,4076,,3,,,,Spicy Tuna Roll Estandar 2 $0.00,Salsa spicy $0.00,
70000201,Sushi Go UDEM,202,0,1,Andrea,,16:45:00 25-01-2025,16:51:00 25-01-2025,17:05:00 25-01-2025,,,,Entregada,Efectivo,125.25,5,,,,2,4,4089,,1,,,,Tempura Roll Estandar 1 $0.00,Camarón tempura $0.00,
70000202,Sushi Go UDEM,203,0,1,Carlos,,13:45:00 30-01-2025,13:52:00 30-01-2025,14:04:00 30-01-2025,,,,Entregada,Efectivo,126.96,4,,,,1,4,4081,,1,,,,Salmón Roll Estandar 4 $0.00,Salmón fresco $0.00,
70000203,Sushi Go UDEM,204,0,0,Andrea,,19:47:00 09-02-2025,19:53:00 09-02-2025,20:09:00 09-02-2025,,,,Entregada,App,175.1,4,,,,3,4,4008,,3,,,,Atún Especial Estandar 4 $0.00,Atún spicy $0.00,
70000204,Sushi Go UDEM,205,0,1,Luis,,14:27:00 09-02-2025,14:32:00 09-02-2025,14:52:00 09-02-2025,,,,Entregada,App,305.37,4,,,,3,4,4087,,1,,,,Tempura Roll Estandar 3 $0.00,Camarón tempura $0.00,
70000205,Sushi Go UDEM,206,0,0,Carlos,,12:40:00 17-01-2025,12:49:00 17-01-2025,12:54:00 17-01-2025,,,,Entregada,Tarjeta,204.73,5,,,,2,4,4083,,2,,,,Philadelphia Roll Estandar 2 $0.00,Queso crema $0.00,
70000206,Sushi Go UDEM,207,0,0,Andrea,,15:05:00 25-01-2025,15:17:00 25-01-2025,15:33:00 25-01-2025,,,,Entregada,Efectivo,186.68,5,,,,3,4,4092,,3,,,,Tempura Roll Estandar 1 $0.00,Camarón tempura $0.00,
70000207,Sushi Go UDEM,208,0,0,Luis,,17:41:00 29-01-2025,17:44:00 29-01-2025,17:52:00 29-01-2025,,,,Entregada,App,213.97,5,,,,4,4,4001,,1,,,,California Roll Estandar 2 $0.00,Aguacate $0.00,
70000208,Sushi Go UDEM,209,0,1,Andrea,,16:52:00 28-02-2025,16:55:00 28-02-2025,17:13:00 28-02-2025,,,,Entregada,App,108.42,3,,,,1,4,4040,,2,,,,Spicy Tuna Roll Estandar 4 $0.00,Salsa spicy $0.00,
70000209,Sushi Go UDEM,210,0,0,Carlos,,13:24:00 03-02-2025,13:28:00 03-02-2025,13:37:00 03-02-2025,,,,Entregada,Efectivo,248.68,5,,,,2,4,4080,,3,,,,Philadelphia Roll Estandar 1 $0.00,Queso crema $0.00,
70000210,Sushi Go UDEM,211,0,0,Andrea,,17:39:00 24-01-2025,17:51:00 24-01-2025,18:10:00 24-01-2025,,,,Entregada,App,323.11,5,,,,4,4,4044,,2,,,,Dragon Roll Estandar 1 $0.00,Anguila $0.00,
70000211,Sushi Go UDEM,212,0,0,Mariana,,13:15:00 04-02-2025,13:21:00 04-02-2025,13:28:00 04-02-2025,,,,Entregada,Tarjeta,292.53,5,,,,2,4,4095,,2,,,,Dragon Roll Estandar 3 $0.00,Anguila $0.00,
70000212,Sushi Go UDEM,213,0,0,Andrea,,21:03:00 02-02-2025,21:08:00 02-02-2025,21:28:00 02-02-2025,,,,Entregada,Efectivo,152.68,4,,,,2,4,4049,,3,,,,Salmón Roll Estandar 1 $0.00,Salmón fresco $0.00,
70000213,Sushi Go UDEM,214,0,0,Andrea,,16:34:00 10-02-2025,16:46:00 10-02-2025,16:56:00 10-02-2025,,,,Entregada,Efectivo,94.34,3,,,,1,4,4007,,2,,,,Atún Especial Estandar 1 $0.00,Atún spicy $0.00,
70000214,Sushi Go UDEM,215,0,0,Mariana,,15:40:00 16-02-2025,15:50:00 16-02-2025,16:08:00 16-02-2025,,,,Entregada,Tarjeta,111.43,4,,,,1,4,4065,,1,,,,Salmón Roll Estandar 4 $0.00,Salmón fresco $0.00,
70000215,Sushi Go UDEM,216,0,0,Andrea,,19:20:00 24-01-2025,19:28:00 24-01-2025,19:35:00 24-01-2025,,,,Entregada,Tarjeta,279.79,3,,,,4,4,4014,,2,,,,Tempura Roll Estandar 4 $0.00,Camarón tempura $0.00,
70000216,Sushi Go UDEM,217,0,0,Luis,,20:03:00 23-02-2025,20:09:00 23-02-2025,20:19:00 23-02-2025,,,,Entregada,Efectivo,274.05,4,,,,3,4,4021,,2,,,,Philadelphia Roll Estandar 1 $0.00,Queso crema $0.00,
70000217,Sushi Go UDEM,218,0,0,Mariana,,15:46:00 23-01-2025,15:49:00 23-01-2025,15:54:00 23-01-2025,,,,Entregada,App,160.71,5,,,,1,4,4063,,2,,,,Ebi Roll Estandar 4 $0.00,Camarón $0.00,
70000218,Sushi Go UDEM,219,0,0,Andrea,,16:03:00 16-02-2025,16:12:00 16-02-2025,16:22:00 16-02-2025,,,,Entregada,Tarjeta,156.33,5,,,,1,4,4005,,1,,,,Ebi Roll Estandar 2 $0.00,Camarón $0.00,
70000219,Sushi Go UDEM,220,0,0,Carlos,,11:30:00 30-01-2025,11:37:00 30-01-2025,11:54:00 30-01-2025,,,,Entregada,Tarjeta,332.1,4,,,,2,4,4053,,3,,,,Spicy Tuna Roll Estandar 2 $0.00,Salsa spicy $0.00,
70000220,Sushi Go UDEM,221,0,0,Carlos,,15:52:00 04-02-2025,15:55:00 04-02-2025,16:11:00 04-02-2025,,,,Entregada,Tarjeta,136.63,4,,,,3,4,4099,,2,,,,Philadelphia Roll Estandar 1 $0.00,Queso crema $0.00,
70000221,Sushi Go UDEM,222,0,1,Luis,,12:35:00 04-02-2025,12:44:00 04-02-2025,12:49:00 04-02-2025,,,,Entregada,Efectivo,165.81,4,,,,4,4,4098,,1,,,,Ebi Roll Estandar 2 $0.00,Camarón $0.00,
70000222,Sushi Go UDEM,223,0,0,Mariana,,14:09:00 18-02-2025,14:11:00 18-02-2025,14:29:00 18-02-2025,,,,Entregada,Tarjeta,230.8,5,,,,4,4,4094,,3,,,,California Roll Estandar 2 $0.00,Aguacate $0.00,
70000223,Sushi Go UDEM,224,0,0,Mariana,,12:13:00 03-02-2025,12:23:00 03-02-2025,12:35:00 03-02-2025,,,,Entregada,Tarjeta,339.91,3,,,,2,4,4066,,2,,,,Salmón Roll Estandar 4 $0.00,Salmón fresco $0.00,
70000224,Sushi Go UDEM,225,0,0,Carlos,,16:29:00 28-02-2025,16:32:00 28-02-2025,16:40:00 28-02-2025,,,,Entregada,App,109.46,3,,,,2,4,4037,,2,,,,Spicy Tuna Roll Estandar 4 $0.00,Salsa spicy $0.00,
70000225,Sushi Go UDEM,226,0,0,Luis,,17:44:00 04-02-2025,17:51:00 04-02-2025,18:06:00 04-02-2025,,,,Entregada,App,150.74,3,,,,2,4,4013,,1,,,,Atún Especial Estandar 3 $0.00,Atún spicy $0.00,
70000226,Sushi Go UDEM,227,0,1,Mariana,,18:20:00 12-02-2025,18:28:00 12-02-2025,18:36:00 12-02-2025,,,,Entregada,Tarjeta,207.5,3,,,,2,4,4087,,2,,,,Ebi Roll Estandar 2 $0.00,Camarón $0.00,
70000227,Sushi Go UDEM,228,0,1,Carlos,,20:02:00 01-03-2025,20:07:00 01-03-2025,20:22:00 01-03-2025,,,,Entregada,App,274.9,3,,,,3,4,4033,,1,,,,Spicy Tuna Roll Estandar 1 $0.00,Salsa spicy $0.00,
70000228,Sushi Go UDEM,229,0,0,Andrea,,17:54:00 16-01-2025,18:03:00 16-01-2025,18:15:00 16-01-2025,,,,Entregada,Tarjeta,116.5,3,,,,2,4,4016,,1,,,,Philadelphia Roll Estandar 4 $0.00,Queso crema $0.00,
70000229,Sushi Go UDEM,230,0,0,Luis,,16:43:00 09-02-2025,16:55:00 09-02-2025,17:02:00 09-02-2025,,,,Entregada,App,95.67,4,,,,2,4,4011,,2,,,,Tempura Roll Estandar 1 $0.00,Camarón tempura $0.00,
70000230,Sushi Go UDEM,231,0,1,Carlos,,11:29:00 22-01-2025,11:31:00 22-01-2025,11:41:00 22-01-2025,,,,Entregada,Tarjeta,218.99,4,,,,2,4,4023,,2,,,,Salmón Roll Estandar 4 $0.00,Salmón fresco $0.00,
70000231,Sushi Go UDEM,232,0,1,Andrea,,18:56:00 01-02-2025,19:00:00 01-02-2025,19:06:00 01-02-2025,,,,Entregada,Tarjeta,219.71,4,,,,4,4,4017,,2,,,,Dragon Roll Estandar 3 $0.00,Anguila $0.00,
70000232,Sushi Go UDEM,233,0,1,Carlos,,21:56:00 27-01-2025,22:06:00 27-01-2025,22:18:00 27-01-2025,,,,Entregada,App,293.3,4,,,,3,4,4072,,3,,,,California Roll Estandar 4 $0.00,Aguacate $0.00,
70000233,Sushi Go UDEM,234,0,1,Andrea,,17:17:00 04-02-2025,17:21:00 04-02-2025,17:26:00 04-02-2025,,,,Entregada,Efectivo,97.62,5,,,,3,4,4098,,3,,,,Ebi Roll Estandar 2 $0.00,Camarón $0.00,
70000234,Sushi Go UDEM,235,0,0,Carlos,,13:06:00 29-01-2025,13:11:00 29-01-2025,13:23:00 29-01-2025,,,,Entregada,Efectivo,288.65,3,,,,2,4,4030,,3,,,,Tempura Roll Estandar 1 $0.00,Camarón tempura $0.00,
70000235,Sushi Go UDEM,236,0,0,Carlos,,16:58:00 04-02-2025,17:09:00 04-02-2025,17:14:00 04-02-2025,,,,Entregada,App,236.41,4,,,,2,4,4062,,1,,,,Ebi Roll Estandar 2 $0.00,Camarón $0.00,
70000236,Sushi Go UDEM,237,0,0,Luis,,11:14:00 20-01-2025,11:25:00 20-01-2025,11:37:00 20-01-2025,,,,Entregada,Efectivo,90.18,5,,,,2,4,4041,,1,,,,California Roll Estandar 4 $0.00,Aguacate $0.00,
70000237,Sushi Go UDEM,238,0,1,Andrea,,13:37:00 16-01-2025,13:41:00 16-01-2025,13:49:00 16-01-2025,,,,Entregada,Efectivo,187.13,4,,,,3,4,4017,,1,,,,Ebi Roll Estandar 1 $0.00,Camarón $0.00,
70000238,Sushi Go UDEM,239,0,0,Carlos,,21:31:00 11-02-2025,21:43:00 11-02-2025,21:58:00 11-02-2025,,,,Entregada,Efectivo,148.04,5,,,,3,4,4016,,1,,,,Spicy Tuna Roll Estandar 3 $0.00,Salsa spicy $0.00,
70000239,Sushi Go UDEM,240,0,0,Andrea,,20:25:00 15-01-2025,20:36:00 15-01-2025,20:42:00 15-01-2025,,,,Entregada,Efectivo,329.47,3,,,,3,4,4095,,1,,,,Spicy Tuna Roll Estandar 3 $0.00,Salsa spicy $0.00,
70000240,Sushi Go UDEM,241,0,0,Luis,,16:20:00 30-01-2025,16:24:00 30-01-2025,16:31:00 30-01-2025,,,,Entregada,App,92.96,3,,,,3,4,4032,,1,,,,Ebi Roll Estandar 4 $0.00,Camarón $0.00,
70000241,Sushi Go UDEM,242,0,1,Mariana,,11:24:00 15-01-2025,11:33:00 15-01-2025,11:51:00 15-01-2025,,,,Entregada,App,218.2,4,,,,1,4,4061,,3,,,,Spicy Tuna Roll Estandar 4 $0.00,Salsa spicy $0.00,
70000242,Sushi Go UDEM,243,0,1,Mariana,,21:14:00 25-02-2025,21:18:00 25-02-2025,21:37:00 25-02-2025,,,,Entregada,Tarjeta,166.68,3,,,,3,4,4021,,2,,,,Philadelphia Roll Estandar 1 $0.00,Queso crema $0.00,
70000243,Sushi Go UDEM,244,0,0,Carlos,,12:35:00 25-01-2025,12:38:00 25-01-2025,12:53:00 25-01-2025,,,,Entregada,Tarjeta,202.14,3,,,,1,4,4042,,1,,,,Atún Especial Estandar 1 $0.00,Atún spicy $0.00,
70000244,Sushi Go UDEM,245,0,0,Carlos,,17:44:00 27-01-2025,17:54:00 27-01-2025,18:07:00 27-01-2025,,,,Entregada,App,151.76,5,,,,4,4,4019,,1,,,,Tempura Roll Estandar 3 $0.00,Camarón tempura $0.00,
70000245,Sushi Go UDEM,246,0,0,Luis,,11:27:00 07-02-2025,11:30:00 07-02-2025,11:44:00 07-02-2025,,,,Entregada,App,115.22,4,,,,1,4,4060,,1,,,,Atún Especial Estandar 2 $0.00,Atún spicy $0.00,
70000246,Sushi Go UDEM,247,0,1,Mariana,,17:30:00 03-02-2025,17:39:00 03-02-2025,17:52:00 03-02-2025,,,,Entregada,Tarjeta,138.07,4,,,,1,4,4033,,2,,,,Philadelphia Roll Estandar 4 $0.00,Queso crema $0.00,
70000247,Sushi Go UDEM,248,0,1,Carlos,,15:14:00 13-02-2025,15:20:00 13-02-2025,15:26:00 13-02-2025,,,,Entregada,App,112.28,3,,,,1,4,4049,,3,,,,Spicy Tuna Roll Estandar 1 $0.00,Salsa spicy $0.00,
70000248,Sushi Go UDEM,249,0,0,Luis,,19:43:00 10-02-2025,19:52:00 10-02-2025,20:04:00 10-02-2025,,,,Entregada,Tarjeta,110.53,4,,,,2,4,4021,,1,,,,Atún Especial Estandar 3 $0.00,Atún spicy $0.00,
70000249,Sushi Go UDEM,250,0,0,Mariana,,13:02:00 27-01-2025,13:10:00 27-01-2025,13:17:00 27-01-2025,,,,Entregada,Efectivo,349.29,5,,,,1,4,4011,,2,,,,Salmón Roll Estandar 2 $0.00,Salmón fresco $0.00,
